StudentName,Email,Password,Phone,Gender
Abd elsalam Moustafa,abdelsalam-moustafa@ynabee.com,abdelsalam,,male
Mokhtar Zakaria,mokhtar-zakaria@ynabee.com,mokhtar,,male
Sedek Elmonser,sedek-elmonser@ynabee.com,sedek,,male
Ahmed Ibrahim Khalil,ahmed-khalil@ynabee.com,ahmedkhalil,,male
Anas Mohamed,anas-mohamed@ynabee.com,anasmohamed,,male
Rashid Mohamed,rashid-mohamed@ynabee.com,rashidmohamed,,male
Moled Heby Hassan,moled-heby@ynabee.com,moledheby,,male
Abdel Wahab Sayed,abdelwahab-sayed@ynabee.com,abdelwahab,,male
